Tanggal,Premium,Medium
2021-03-01,12000.0,11000.0
2021-03-02,12000.0,11000.0
2021-03-03,12000.0,11000.0
2021-03-04,12000.0,11000.0
2021-03-05,12000.0,11000.0
2021-03-06,12000.0,11000.0
2021-03-07,12000.0,11000.0
2021-03-08,12000.0,11000.0
2021-03-09,12000.0,11000.0
2021-03-10,12000.0,11000.0
2021-03-11,12000.0,11000.0
2021-03-12,12000.0,11000.0
2021-03-13,12000.0,11000.0
2021-03-14,12000.0,11000.0
2021-03-15,12000.0,11000.0
2021-03-16,12000.0,11000.0
2021-03-17,12000.0,11000.0
2021-03-18,12000.0,11000.0
2021-03-19,12000.0,11000.0
2021-03-20,12000.0,11000.0
2021-03-21,12000.0,11000.0
2021-03-22,12000.0,11000.0
2021-03-23,12000.0,11000.0
2021-03-24,12000.0,11000.0
2021-03-25,12000.0,11000.0
2021-03-26,12000.0,11000.0
2021-03-27,12000.0,11000.0
2021-03-28,12000.0,11000.0
2021-03-29,12000.0,11000.0
2021-03-30,12000.0,11000.0
2021-03-31,12000.0,11000.0
2021-04-01,12000.0,11000.0
2021-04-02,12000.0,11000.0
2021-04-03,12000.0,11000.0
2021-04-04,12000.0,11000.0
2021-04-05,12000.0,11000.0
2021-04-06,12000.0,11000.0
2021-04-07,12000.0,11000.0
2021-04-08,12000.0,11000.0
2021-04-09,12000.0,11000.0
2021-04-10,12000.0,11000.0
2021-04-11,12000.0,11000.0
2021-04-12,12000.0,11000.0
2021-04-13,12000.0,11000.0
2021-04-14,12000.0,11000.0
2021-04-15,12000.0,11000.0
2021-04-16,12000.0,11000.0
2021-04-17,12000.0,11000.0
2021-04-18,12000.0,11000.0
2021-04-19,12000.0,11000.0
2021-04-20,12000.0,11000.0
2021-04-21,12000.0,11000.0
2021-04-22,12000.0,11000.0
2021-04-23,12000.0,11000.0
2021-04-24,12000.0,11000.0
2021-04-25,12500.0,11000.0
2021-04-26,12500.0,11000.0
2021-04-27,12500.0,11000.0
2021-04-28,12500.0,11000.0
2021-04-29,12000.0,11000.0
2021-04-30,12500.0,11000.0
2021-05-01,12500.0,11000.0
2021-05-02,12500.0,11000.0
2021-05-03,12500.0,11000.0
2021-05-04,12500.0,11000.0
2021-05-05,12500.0,11000.0
2021-05-06,12500.0,11000.0
2021-05-07,12500.0,11000.0
2021-05-08,12500.0,11000.0
2021-05-09,12500.0,11000.0
2021-05-10,12500.0,11000.0
2021-05-11,12500.0,11000.0
2021-05-12,12500.0,11000.0
2021-05-13,12500.0,11000.0
2021-05-14,12500.0,11000.0
2021-05-15,12500.0,11000.0
2021-05-16,12500.0,11000.0
2021-05-17,12500.0,11000.0
2021-05-18,12500.0,11000.0
2021-05-19,12500.0,11000.0
2021-05-20,12500.0,11000.0
2021-05-21,12500.0,11000.0
2021-05-22,12500.0,11000.0
2021-05-23,12500.0,11000.0
2021-05-24,12500.0,11000.0
2021-05-25,12500.0,11000.0
2021-05-26,12500.0,11000.0
2021-05-27,12500.0,11000.0
2021-05-28,12500.0,11000.0
2021-05-29,12500.0,11000.0
2021-05-30,12500.0,11000.0
2021-05-31,12500.0,11000.0
2021-06-01,12500.0,11000.0
2021-06-02,12500.0,11000.0
2021-06-03,12500.0,11000.0
2021-06-04,12500.0,11000.0
2021-06-05,12500.0,11000.0
2021-06-06,12500.0,11000.0
2021-06-07,12500.0,11000.0
2021-06-08,12500.0,11000.0
2021-06-09,12500.0,11000.0
2021-06-10,12500.0,11000.0
2021-06-11,12500.0,11000.0
2021-06-12,12500.0,11000.0
2021-06-13,12500.0,11000.0
2021-06-14,12500.0,11000.0
2021-06-15,12500.0,11000.0
2021-06-16,12500.0,11000.0
2021-06-17,12500.0,11000.0
2021-06-18,12500.0,11000.0
2021-06-19,12500.0,11000.0
2021-06-20,12500.0,11000.0
2021-06-21,12500.0,11000.0
2021-06-22,12500.0,11000.0
2021-06-23,12500.0,11000.0
2021-06-24,12500.0,11000.0
2021-06-25,12500.0,11000.0
2021-06-26,12500.0,11000.0
2021-06-27,12500.0,11000.0
2021-06-28,12500.0,11000.0
2021-06-29,12500.0,11000.0
2021-06-30,12500.0,11000.0
2021-07-01,12500.0,11000.0
2021-07-02,12500.0,11000.0
2021-07-03,12500.0,11000.0
2021-07-04,12500.0,11000.0
2021-07-05,12500.0,11000.0
2021-07-06,12500.0,11000.0
2021-07-07,12500.0,11000.0
2021-07-08,12500.0,11000.0
2021-07-09,12500.0,11000.0
2021-07-10,12500.0,11000.0
2021-07-11,12500.0,11000.0
2021-07-12,12500.0,11000.0
2021-07-13,12500.0,11000.0
2021-07-14,12500.0,11000.0
2021-07-15,12500.0,11000.0
2021-07-16,12500.0,11000.0
2021-07-17,12500.0,11000.0
2021-07-18,12500.0,11000.0
2021-07-19,12500.0,11000.0
2021-07-20,12500.0,11000.0
2021-07-21,12500.0,11000.0
2021-07-22,12500.0,11000.0
2021-07-23,12500.0,11000.0
2021-07-24,12500.0,11000.0
2021-07-25,12500.0,11000.0
2021-07-26,12500.0,11000.0
2021-07-27,12500.0,11000.0
2021-07-28,12500.0,11000.0
2021-07-29,12500.0,11000.0
2021-07-30,12500.0,11000.0
2021-07-31,12500.0,11000.0
2021-08-01,12500.0,11000.0
2021-08-02,12500.0,11000.0
2021-08-03,12500.0,11000.0
2021-08-04,12500.0,11000.0
2021-08-05,12500.0,11000.0
2021-08-06,12500.0,11000.0
2021-08-07,12500.0,11000.0
2021-08-08,12500.0,11000.0
2021-08-09,12500.0,11000.0
2021-08-10,12500.0,11000.0
2021-08-11,12500.0,11000.0
2021-08-12,12500.0,11000.0
2021-08-13,12500.0,11000.0
2021-08-14,12500.0,11000.0
2021-08-15,12500.0,11000.0
2021-08-16,12500.0,11000.0
2021-08-17,12500.0,11000.0
2021-08-18,12500.0,11000.0
2021-08-19,12500.0,11000.0
2021-08-20,12500.0,11000.0
2021-08-21,12500.0,11000.0
2021-08-22,12500.0,11000.0
2021-08-23,12500.0,11000.0
2021-08-24,12500.0,11000.0
2021-08-25,12500.0,11000.0
2021-08-26,12500.0,11000.0
2021-08-27,12500.0,11000.0
2021-08-28,12500.0,11000.0
2021-08-29,12500.0,11000.0
2021-08-30,12500.0,11000.0
2021-08-31,12500.0,11000.0
2021-09-01,12500.0,11000.0
2021-09-02,12500.0,11000.0
2021-09-03,12500.0,11000.0
2021-09-04,12500.0,11000.0
2021-09-05,12500.0,11000.0
2021-09-06,12500.0,11000.0
2021-09-07,12500.0,11000.0
2021-09-08,12500.0,11000.0
2021-09-09,12500.0,11000.0
2021-09-10,12500.0,11000.0
2021-09-11,12500.0,11000.0
2021-09-12,12500.0,11000.0
2021-09-13,12500.0,11000.0
2021-09-14,12500.0,11000.0
2021-09-15,12500.0,11000.0
2021-09-16,12500.0,11000.0
2021-09-17,12500.0,11000.0
2021-09-18,12500.0,11000.0
2021-09-19,12500.0,11000.0
2021-09-20,12500.0,11000.0
2021-09-21,12500.0,11000.0
2021-09-22,12500.0,11000.0
2021-09-23,12500.0,11000.0
2021-09-24,12500.0,11000.0
2021-09-25,12500.0,11000.0
2021-09-26,12500.0,11000.0
2021-09-27,12000.0,11000.0
2021-09-28,12500.0,11000.0
2021-09-29,12500.0,11000.0
2021-09-30,12500.0,11000.0
2021-10-01,12500.0,11000.0
2021-10-02,12500.0,11000.0
2021-10-03,12500.0,11000.0
2021-10-04,12500.0,11000.0
2021-10-05,12500.0,11000.0
2021-10-06,12500.0,11000.0
2021-10-07,12500.0,11000.0
2021-10-08,12500.0,11000.0
2021-10-09,12500.0,11000.0
2021-10-10,12500.0,11000.0
2021-10-11,12500.0,11000.0
2021-10-12,12500.0,11000.0
2021-10-13,12500.0,11000.0
2021-10-14,12500.0,11000.0
2021-10-15,12500.0,11000.0
2021-10-16,12500.0,11000.0
2021-10-17,12500.0,11000.0
2021-10-18,12500.0,11000.0
2021-10-19,12500.0,11000.0
2021-10-20,12500.0,11000.0
2021-10-21,12500.0,11000.0
2021-10-22,12500.0,11000.0
2021-10-23,12500.0,11000.0
2021-10-24,12500.0,11000.0
2021-10-25,12500.0,11000.0
2021-10-26,12500.0,11000.0
2021-10-27,12500.0,11000.0
2021-10-28,12500.0,11000.0
2021-10-29,12500.0,11000.0
2021-10-30,12500.0,11000.0
2021-10-31,12500.0,11000.0
2021-11-01,12500.0,11000.0
2021-11-02,12500.0,11000.0
2021-11-03,12500.0,11000.0
2021-11-04,12500.0,11000.0
2021-11-05,12500.0,11000.0
2021-11-06,12500.0,11000.0
2021-11-07,12500.0,11000.0
2021-11-08,12500.0,11000.0
2021-11-09,12500.0,11000.0
2021-11-10,12500.0,11000.0
2021-11-11,12500.0,11000.0
2021-11-12,12500.0,11000.0
2021-11-13,12500.0,11000.0
2021-11-14,12500.0,11000.0
2021-11-15,12500.0,11000.0
2021-11-16,12500.0,11000.0
2021-11-17,12500.0,11000.0
2021-11-18,12500.0,11000.0
2021-11-19,12500.0,11000.0
2021-11-20,12500.0,11000.0
2021-11-21,12500.0,11000.0
2021-11-22,12500.0,11000.0
2021-11-23,12500.0,11000.0
2021-11-24,12500.0,11000.0
2021-11-25,12500.0,11000.0
2021-11-26,12500.0,11000.0
2021-11-27,12500.0,11000.0
2021-11-28,12500.0,10500.0
2021-11-29,12500.0,11000.0
2021-11-30,12500.0,11000.0
2021-12-01,12500.0,11000.0
2021-12-02,12500.0,11000.0
2021-12-03,12500.0,11000.0
2021-12-04,12500.0,11000.0
2021-12-05,12500.0,11000.0
2021-12-06,12500.0,11000.0
2021-12-07,12500.0,11000.0
2021-12-08,12500.0,11000.0
2021-12-09,12500.0,11000.0
2021-12-10,12500.0,11000.0
2021-12-11,12500.0,11000.0
2021-12-12,12500.0,11000.0
2021-12-13,12500.0,11000.0
2021-12-14,12500.0,11000.0
2021-12-15,12500.0,11000.0
2021-12-16,12500.0,11000.0
2021-12-17,12500.0,11000.0
2021-12-18,12500.0,11000.0
2021-12-19,12500.0,11000.0
2021-12-20,12500.0,11000.0
2021-12-21,12500.0,11000.0
2021-12-22,12500.0,11000.0
2021-12-23,12500.0,11000.0
2021-12-24,12500.0,11000.0
2021-12-25,12500.0,11000.0
2021-12-26,12500.0,11000.0
2021-12-27,12500.0,11000.0
2021-12-28,12500.0,11000.0
2021-12-29,12500.0,11000.0
2021-12-30,12500.0,11000.0
2021-12-31,12500.0,11000.0
2022-01-01,12500.0,11000.0
2022-01-02,12500.0,11000.0
2022-01-03,12500.0,11000.0
2022-01-04,12500.0,11000.0
2022-01-05,12500.0,11000.0
2022-01-06,12500.0,11000.0
2022-01-07,12500.0,11000.0
2022-01-08,12500.0,11000.0
2022-01-09,12500.0,11000.0
2022-01-10,12500.0,11000.0
2022-01-11,12500.0,11000.0
2022-01-12,12500.0,11000.0
2022-01-13,12500.0,11000.0
2022-01-14,12500.0,11000.0
2022-01-15,12500.0,11000.0
2022-01-16,12500.0,11000.0
2022-01-17,12500.0,11000.0
2022-01-18,12500.0,11000.0
2022-01-19,12500.0,11000.0
2022-01-20,12500.0,11000.0
2022-01-21,12500.0,11000.0
2022-01-22,12500.0,11000.0
2022-01-23,12500.0,11000.0
2022-01-24,12500.0,11000.0
2022-01-25,12500.0,11000.0
2022-01-26,12500.0,11000.0
2022-01-27,12500.0,11000.0
2022-01-28,12500.0,11000.0
2022-01-29,12500.0,11000.0
2022-01-30,12500.0,11000.0
2022-01-31,12500.0,11000.0
2022-02-01,12500.0,11000.0
2022-02-02,12500.0,11000.0
2022-02-03,12500.0,11000.0
2022-02-04,12500.0,11000.0
2022-02-05,12500.0,11000.0
2022-02-06,12500.0,11000.0
2022-02-07,12500.0,11000.0
2022-02-08,12500.0,11000.0
2022-02-09,12500.0,11000.0
2022-02-10,12500.0,11000.0
2022-02-11,12500.0,11000.0
2022-02-12,12500.0,11000.0
2022-02-13,12500.0,11000.0
2022-02-14,12500.0,11000.0
2022-02-15,12500.0,11000.0
2022-02-16,12500.0,11000.0
2022-02-17,12500.0,11000.0
2022-02-18,12500.0,11000.0
2022-02-19,12500.0,11000.0
2022-02-20,12500.0,11000.0
2022-02-21,12500.0,11000.0
2022-02-22,12500.0,11000.0
2022-02-23,12500.0,11000.0
2022-02-24,12500.0,11000.0
2022-02-25,12500.0,11000.0
2022-02-26,12500.0,11000.0
2022-02-27,12500.0,11000.0
2022-02-28,12500.0,11000.0
2022-03-01,12500.0,11000.0
2022-03-02,12500.0,11000.0
2022-03-03,12500.0,11000.0
2022-03-04,12500.0,11000.0
2022-03-05,12500.0,11000.0
2022-03-06,12500.0,11000.0
2022-03-07,12500.0,11000.0
2022-03-08,12500.0,11000.0
2022-03-09,12500.0,11000.0
2022-03-10,12500.0,11000.0
2022-03-11,12500.0,11000.0
2022-03-12,12500.0,11000.0
2022-03-13,12500.0,11000.0
2022-03-14,12500.0,11000.0
2022-03-15,12500.0,11000.0
2022-03-16,12500.0,11000.0
2022-03-17,12500.0,11000.0
2022-03-18,12500.0,11000.0
2022-03-19,12500.0,11000.0
2022-03-20,12500.0,11000.0
2022-03-21,12500.0,11000.0
2022-03-22,12500.0,11000.0
2022-03-23,12500.0,11000.0
2022-03-24,12500.0,11000.0
2022-03-25,12500.0,11000.0
2022-03-26,12500.0,11000.0
2022-03-27,12500.0,11000.0
2022-03-28,12500.0,11000.0
2022-03-29,12500.0,11000.0
2022-03-30,12500.0,11000.0
2022-03-31,12500.0,11000.0
2022-04-01,12500.0,11000.0
2022-04-02,12500.0,11000.0
2022-04-03,12500.0,11000.0
2022-04-04,12500.0,11000.0
2022-04-05,12500.0,11000.0
2022-04-06,12500.0,11000.0
2022-04-07,12500.0,11000.0
2022-04-08,12500.0,11000.0
2022-04-09,12500.0,11000.0
2022-04-10,12500.0,11000.0
2022-04-11,12500.0,11000.0
2022-04-12,12500.0,11000.0
2022-04-13,12500.0,11000.0
2022-04-14,12500.0,11000.0
2022-04-15,12500.0,11000.0
2022-04-16,12500.0,11000.0
2022-04-17,12500.0,11000.0
2022-04-18,12500.0,11000.0
2022-04-19,12500.0,11000.0
2022-04-20,12500.0,11000.0
2022-04-21,12500.0,11000.0
2022-04-22,12500.0,11000.0
2022-04-23,12500.0,11000.0
2022-04-24,12500.0,11000.0
2022-04-25,12500.0,11000.0
2022-04-26,12500.0,11000.0
2022-04-27,12500.0,11000.0
2022-04-28,12500.0,11000.0
2022-04-29,12500.0,11000.0
2022-04-30,12500.0,11000.0
2022-05-01,12500.0,11000.0
2022-05-02,12500.0,11000.0
2022-05-03,12500.0,11000.0
2022-05-04,12500.0,11000.0
2022-05-05,12500.0,11000.0
2022-05-06,12500.0,11000.0
2022-05-07,12500.0,11000.0
2022-05-08,12500.0,11000.0
2022-05-09,12500.0,11000.0
2022-05-10,12500.0,11000.0
2022-05-11,12500.0,11000.0
2022-05-12,12500.0,11000.0
2022-05-13,12500.0,11000.0
2022-05-14,12500.0,11000.0
2022-05-15,12500.0,11000.0
2022-05-16,12500.0,11000.0
2022-05-17,12500.0,11000.0
2022-05-18,12500.0,11000.0
2022-05-19,12500.0,11000.0
2022-05-20,12500.0,11000.0
2022-05-21,12500.0,11000.0
2022-05-22,12500.0,11000.0
2022-05-23,12500.0,11000.0
2022-05-24,12500.0,11000.0
2022-05-25,12500.0,11000.0
2022-05-26,12500.0,11000.0
2022-05-27,12500.0,11000.0
2022-05-28,12500.0,11000.0
2022-05-29,12500.0,11000.0
2022-05-30,12500.0,11000.0
2022-05-31,12500.0,11000.0
2022-06-01,12500.0,11000.0
2022-06-02,12500.0,11000.0
2022-06-03,12500.0,11000.0
2022-06-04,12500.0,11000.0
2022-06-05,12500.0,11000.0
2022-06-06,12500.0,11000.0
2022-06-07,12500.0,11000.0
2022-06-08,12500.0,11000.0
2022-06-09,12500.0,11000.0
2022-06-10,12500.0,11000.0
2022-06-11,12500.0,11000.0
2022-06-12,12500.0,11000.0
2022-06-13,12500.0,11000.0
2022-06-14,12500.0,11000.0
2022-06-15,12500.0,11000.0
2022-06-16,12500.0,11000.0
2022-06-17,12500.0,11000.0
2022-06-18,12500.0,11000.0
2022-06-19,12500.0,11000.0
2022-06-20,12500.0,11000.0
2022-06-21,12500.0,11000.0
2022-06-22,12500.0,11000.0
2022-06-23,12500.0,11000.0
2022-06-24,12500.0,11000.0
2022-06-25,12500.0,11000.0
2022-06-26,12500.0,11000.0
2022-06-27,12500.0,11000.0
2022-06-28,12500.0,11000.0
2022-06-29,12500.0,11000.0
2022-06-30,12500.0,11000.0
2022-07-01,12500.0,11000.0
2022-07-02,12500.0,11000.0
2022-07-03,12500.0,11000.0
2022-07-04,12500.0,11000.0
2022-07-05,12500.0,11000.0
2022-07-06,12500.0,11000.0
2022-07-07,12500.0,11000.0
2022-07-08,12500.0,11000.0
2022-07-09,12500.0,11000.0
2022-07-10,12500.0,11000.0
2022-07-11,12500.0,11000.0
2022-07-12,12500.0,11000.0
2022-07-13,12500.0,11000.0
2022-07-14,12500.0,11000.0
2022-07-15,12500.0,11000.0
2022-07-16,12500.0,11000.0
2022-07-17,12500.0,11000.0
2022-07-18,12500.0,11000.0
2022-07-19,12500.0,11000.0
2022-07-20,12500.0,11000.0
2022-07-21,12500.0,11000.0
2022-07-22,12500.0,11000.0
2022-07-23,12500.0,11000.0
2022-07-24,12500.0,11000.0
2022-07-25,12500.0,11000.0
2022-07-26,12500.0,11000.0
2022-07-27,12500.0,11000.0
2022-07-28,12500.0,11000.0
2022-07-29,12500.0,11000.0
2022-07-30,12500.0,11000.0
2022-07-31,12500.0,11000.0
2022-08-01,12500.0,11000.0
2022-08-02,12500.0,11000.0
2022-08-03,12500.0,11000.0
2022-08-04,12500.0,11000.0
2022-08-05,12500.0,11000.0
2022-08-06,12500.0,11000.0
2022-08-07,12500.0,11000.0
2022-08-08,12500.0,11000.0
2022-08-09,12500.0,11000.0
2022-08-10,12500.0,11000.0
2022-08-11,12500.0,11000.0
2022-08-12,12500.0,11000.0
2022-08-13,12500.0,11000.0
2022-08-14,12500.0,11000.0
2022-08-15,12500.0,11000.0
2022-08-16,12500.0,11000.0
2022-08-17,12500.0,11000.0
2022-08-18,12500.0,11000.0
2022-08-19,12500.0,11000.0
2022-08-20,12500.0,11000.0
2022-08-21,12500.0,11000.0
2022-08-22,12500.0,11000.0
2022-08-23,12500.0,11000.0
2022-08-24,12500.0,11000.0
2022-08-25,12500.0,11000.0
2022-08-26,12500.0,11000.0
2022-08-27,12500.0,11000.0
2022-08-28,12500.0,11000.0
2022-08-29,12500.0,11000.0
2022-08-30,12500.0,11000.0
2022-08-31,12500.0,11000.0
2022-09-01,12500.0,11000.0
2022-09-02,12500.0,11000.0
2022-09-03,12500.0,11000.0
2022-09-04,12500.0,11000.0
2022-09-05,12500.0,11000.0
2022-09-06,12500.0,11000.0
2022-09-07,12500.0,11000.0
2022-09-08,12500.0,11000.0
2022-09-09,12500.0,11000.0
2022-09-10,12500.0,11000.0
2022-09-11,12500.0,11000.0
2022-09-12,12500.0,11000.0
2022-09-13,12500.0,11000.0
2022-09-14,12500.0,11000.0
2022-09-15,12500.0,11000.0
2022-09-16,12500.0,11000.0
2022-09-17,12500.0,11000.0
2022-09-18,12500.0,11000.0
2022-09-19,12500.0,11000.0
2022-09-20,12500.0,11000.0
2022-09-21,12500.0,11000.0
2022-09-22,12500.0,11000.0
2022-09-23,12500.0,11000.0
2022-09-24,12500.0,11000.0
2022-09-25,12500.0,11000.0
2022-09-26,12500.0,11000.0
2022-09-27,12500.0,11000.0
2022-09-28,12500.0,11000.0
2022-09-29,12500.0,11000.0
2022-09-30,12500.0,11000.0
2022-10-01,12500.0,11000.0
2022-10-02,12500.0,11000.0
2022-10-03,12500.0,11000.0
2022-10-04,12500.0,11000.0
2022-10-05,12500.0,11000.0
2022-10-06,12500.0,11000.0
2022-10-07,12500.0,11000.0
2022-10-08,12500.0,11000.0
2022-10-09,12500.0,11000.0
2022-10-10,12500.0,11000.0
2022-10-11,12500.0,11000.0
2022-10-12,12500.0,11000.0
2022-10-13,12500.0,11000.0
2022-10-14,12500.0,11000.0
2022-10-15,12500.0,11000.0
2022-10-16,12500.0,11000.0
2022-10-17,12500.0,11000.0
2022-10-18,12500.0,11000.0
2022-10-19,12500.0,11000.0
2022-10-20,12500.0,11000.0
2022-10-21,12500.0,11000.0
2022-10-22,12500.0,11000.0
2022-10-23,12500.0,11000.0
2022-10-24,12500.0,11000.0
2022-10-25,12500.0,11000.0
2022-10-26,12500.0,11000.0
2022-10-27,12500.0,11000.0
2022-10-28,12500.0,11000.0
2022-10-29,12500.0,11000.0
2022-10-30,12500.0,11000.0
2022-10-31,12500.0,11000.0
2022-11-01,12500.0,11000.0
2022-11-02,12500.0,11000.0
2022-11-03,12500.0,11000.0
2022-11-04,12500.0,11000.0
2022-11-05,12500.0,11000.0
2022-11-06,12500.0,11000.0
2022-11-07,12500.0,11000.0
2022-11-08,12500.0,11000.0
2022-11-09,12500.0,11000.0
2022-11-10,12500.0,11000.0
2022-11-11,12500.0,11000.0
2022-11-12,12500.0,11000.0
2022-11-13,12500.0,11000.0
2022-11-14,12500.0,11000.0
2022-11-15,12500.0,11000.0
2022-11-16,12500.0,11000.0
2022-11-17,12500.0,11000.0
2022-11-18,12500.0,11000.0
2022-11-19,12500.0,11000.0
2022-11-20,12500.0,11000.0
2022-11-21,12500.0,11000.0
2022-11-22,12500.0,11000.0
2022-11-23,12500.0,11000.0
2022-11-24,12500.0,11000.0
2022-11-25,12500.0,11000.0
2022-11-26,12500.0,11000.0
2022-11-27,12500.0,11000.0
2022-11-28,12500.0,11000.0
2022-11-29,12500.0,11000.0
2022-11-30,12500.0,11000.0
2022-12-01,12500.0,11000.0
2022-12-02,12500.0,11000.0
2022-12-03,12500.0,11000.0
2022-12-04,12500.0,11000.0
2022-12-05,12500.0,11000.0
2022-12-06,12500.0,11000.0
2022-12-07,12500.0,11000.0
2022-12-08,12500.0,11000.0
2022-12-09,12500.0,11000.0
2022-12-10,12500.0,11000.0
2022-12-11,12500.0,11000.0
2022-12-12,12500.0,11000.0
2022-12-13,12500.0,11000.0
2022-12-14,12500.0,11000.0
2022-12-15,12500.0,11000.0
2022-12-16,12500.0,11000.0
2022-12-17,12500.0,11000.0
2022-12-18,12500.0,11000.0
2022-12-19,12500.0,11000.0
2022-12-20,12500.0,11000.0
2022-12-21,12500.0,11000.0
2022-12-22,12500.0,11000.0
2022-12-23,12500.0,11000.0
2022-12-24,12500.0,11000.0
2022-12-25,12500.0,11000.0
2022-12-26,12500.0,11000.0
2022-12-27,12500.0,11000.0
2022-12-28,12500.0,11000.0
2022-12-29,12500.0,11000.0
2022-12-30,12500.0,11000.0
2022-12-31,12500.0,11000.0
2023-01-01,12500.0,11000.0
2023-01-02,12500.0,11000.0
2023-01-03,12500.0,11000.0
2023-01-04,12500.0,11000.0
2023-01-05,12500.0,11000.0
2023-01-06,12500.0,11000.0
2023-01-07,12500.0,11000.0
2023-01-08,12500.0,11000.0
2023-01-09,12500.0,11000.0
2023-01-10,12500.0,11000.0
2023-01-11,12500.0,11000.0
2023-01-12,12500.0,11000.0
2023-01-13,12500.0,11000.0
2023-01-14,12500.0,11000.0
2023-01-15,12500.0,11000.0
2023-01-16,12500.0,11000.0
2023-01-17,12500.0,11000.0
2023-01-18,12500.0,11000.0
2023-01-19,12500.0,11000.0
2023-01-20,12500.0,11000.0
2023-01-21,12500.0,11000.0
2023-01-22,12500.0,11000.0
2023-01-23,12500.0,11000.0
2023-01-24,12500.0,11000.0
2023-01-25,12500.0,11000.0
2023-01-26,12500.0,11000.0
2023-01-27,12500.0,11000.0
2023-01-28,12500.0,11000.0
2023-01-29,12500.0,11000.0
2023-01-30,12500.0,11000.0
2023-01-31,12500.0,11000.0
2023-02-01,12500.0,11000.0
2023-02-02,12500.0,11000.0
2023-02-03,12500.0,11000.0
2023-02-04,12500.0,11000.0
2023-02-05,13000.0,11500.0
2023-02-06,13000.0,11500.0
2023-02-07,13000.0,11500.0
2023-02-08,13000.0,11500.0
2023-02-09,13000.0,11500.0
2023-02-10,13000.0,11500.0
2023-02-11,13000.0,11500.0
2023-02-12,13500.0,12000.0
2023-02-13,13500.0,11500.0
2023-02-14,13000.0,11500.0
2023-02-15,13500.0,11500.0
2023-02-16,13000.0,12000.0
2023-02-17,13000.0,12000.0
2023-02-18,13000.0,12000.0
2023-02-19,13500.0,12000.0
2023-02-20,13500.0,12000.0
2023-02-21,13500.0,12000.0
2023-02-22,13000.0,11500.0
2023-02-23,13000.0,12000.0
2023-02-24,13000.0,11500.0
2023-02-25,13000.0,11500.0
2023-02-26,13000.0,11500.0
2023-02-27,13000.0,11500.0
2023-02-28,13000.0,11500.0
2023-03-01,13000.0,11500.0
2023-03-02,13000.0,11500.0
2023-03-03,13000.0,11500.0
2023-03-04,13000.0,11500.0
2023-03-05,13000.0,11500.0
2023-03-06,13000.0,11500.0
2023-03-07,13000.0,11500.0
2023-03-08,13000.0,11500.0
2023-03-09,13000.0,11500.0
2023-03-10,13000.0,11500.0
2023-03-11,13000.0,11500.0
2023-03-12,13000.0,11500.0
2023-03-13,13000.0,11500.0
2023-03-14,13000.0,11500.0
2023-03-15,13000.0,11500.0
2023-03-16,13000.0,11500.0
2023-03-17,13000.0,11500.0
2023-03-18,13000.0,11500.0
2023-03-19,13000.0,11500.0
2023-03-20,13500.0,12000.0
2023-03-21,13500.0,12000.0
2023-03-22,13500.0,12000.0
2023-03-23,13500.0,12000.0
2023-03-24,13500.0,12000.0
2023-03-25,13500.0,12000.0
2023-03-26,13500.0,12000.0
2023-03-27,13500.0,12000.0
2023-03-28,13500.0,12000.0
2023-03-29,13000.0,11500.0
2023-03-30,13000.0,11500.0
2023-03-31,13000.0,11500.0
2023-04-01,13000.0,11500.0
2023-04-02,13000.0,11500.0
2023-04-03,13000.0,11500.0
2023-04-04,13000.0,11500.0
2023-04-05,13000.0,11500.0
2023-04-06,13000.0,11500.0
2023-04-07,13000.0,11500.0
2023-04-08,13000.0,11500.0
2023-04-09,13000.0,11500.0
2023-04-10,13000.0,11500.0
2023-04-11,13000.0,11500.0
2023-04-12,13000.0,11500.0
2023-04-13,13000.0,11500.0
2023-04-14,13000.0,11500.0
2023-04-15,13000.0,11500.0
2023-04-16,13000.0,11500.0
2023-04-17,13000.0,11500.0
2023-04-18,13000.0,11500.0
2023-04-19,13000.0,11500.0
2023-04-20,13000.0,11500.0
2023-04-21,13000.0,11500.0
2023-04-22,13000.0,11500.0
2023-04-23,13000.0,11500.0
2023-04-24,13000.0,11500.0
2023-04-25,13000.0,11500.0
2023-04-26,13000.0,11500.0
2023-04-27,13000.0,11500.0
2023-04-28,13000.0,11500.0
2023-04-29,13000.0,11500.0
2023-04-30,13000.0,11500.0
2023-05-01,13000.0,11500.0
2023-05-02,13000.0,11500.0
2023-05-03,13000.0,11500.0
2023-05-04,13000.0,11500.0
2023-05-05,13000.0,11500.0
2023-05-06,13000.0,11500.0
2023-05-07,13000.0,11500.0
2023-05-08,13000.0,11500.0
2023-05-09,13000.0,11500.0
2023-05-10,13000.0,11500.0
2023-05-11,13000.0,11500.0
2023-05-12,13000.0,11500.0
2023-05-13,13000.0,11500.0
2023-05-14,13000.0,11500.0
2023-05-15,13000.0,11500.0
2023-05-16,13000.0,11500.0
2023-05-17,13000.0,11500.0
2023-05-18,13000.0,11500.0
2023-05-19,13000.0,11500.0
2023-05-20,13000.0,11500.0
2023-05-21,13000.0,11500.0
2023-05-22,13000.0,11500.0
2023-05-23,13000.0,11500.0
2023-05-24,13000.0,11500.0
2023-05-25,13000.0,11500.0
2023-05-26,13000.0,11500.0
2023-05-27,13000.0,11500.0
2023-05-28,13000.0,11500.0
2023-05-29,13000.0,11500.0
2023-05-30,13000.0,11500.0
2023-05-31,13000.0,11500.0
2023-06-01,13000.0,11500.0
2023-06-02,13000.0,11500.0
2023-06-03,13000.0,11500.0
2023-06-04,13000.0,11500.0
2023-06-05,13000.0,11500.0
2023-06-06,13000.0,11500.0
2023-06-07,13000.0,11500.0
2023-06-08,13000.0,11500.0
2023-06-09,13000.0,11500.0
2023-06-10,13000.0,11500.0
2023-06-11,13000.0,11500.0
2023-06-12,13000.0,11500.0
2023-06-13,13000.0,11500.0
2023-06-14,13000.0,11500.0
2023-06-15,13000.0,11500.0
2023-06-16,13000.0,11500.0
2023-06-17,13000.0,11500.0
2023-06-18,13000.0,11500.0
2023-06-19,13000.0,11500.0
2023-06-20,13000.0,11500.0
2023-06-21,13000.0,11500.0
2023-06-22,13000.0,11500.0
2023-06-23,13000.0,11000.0
2023-06-24,13000.0,11500.0
2023-06-25,13000.0,11500.0
2023-06-26,13000.0,11500.0
2023-06-27,13000.0,11500.0
2023-06-28,13000.0,11500.0
2023-06-29,13000.0,11500.0
2023-06-30,13000.0,11500.0
2023-07-01,13000.0,11500.0
2023-07-02,13000.0,11500.0
2023-07-03,13000.0,11500.0
2023-07-04,13500.0,11500.0
2023-07-05,13500.0,11500.0
2023-07-06,13500.0,11500.0
2023-07-07,13500.0,11500.0
2023-07-08,13500.0,11500.0
2023-07-09,13500.0,11500.0
2023-07-10,13500.0,11500.0
2023-07-11,13500.0,11500.0
2023-07-12,13500.0,11500.0
2023-07-13,13500.0,11500.0
2023-07-14,13500.0,11500.0
2023-07-15,13500.0,11500.0
2023-07-16,13500.0,11500.0
2023-07-17,13500.0,11500.0
2023-07-18,13500.0,11500.0
2023-07-19,13500.0,11500.0
2023-07-20,13500.0,11500.0
2023-07-21,13500.0,11500.0
2023-07-22,13500.0,11500.0
2023-07-23,13500.0,11500.0
2023-07-24,13500.0,11500.0
2023-07-25,13500.0,11500.0
2023-07-26,13500.0,11500.0
2023-07-27,13500.0,11500.0
2023-07-28,13500.0,11500.0
2023-07-29,13500.0,11500.0
2023-07-30,13500.0,11500.0
2023-07-31,13500.0,11500.0
2023-08-01,13500.0,11500.0
2023-08-02,13500.0,11500.0
2023-08-03,13500.0,11500.0
2023-08-04,13500.0,11500.0
2023-08-05,13500.0,11500.0
2023-08-06,13500.0,11500.0
2023-08-07,13500.0,11500.0
2023-08-08,13500.0,11500.0
2023-08-09,13500.0,11500.0
2023-08-10,13500.0,11500.0
2023-08-11,13500.0,11500.0
2023-08-12,13500.0,11500.0
2023-08-13,13500.0,11500.0
2023-08-14,13500.0,11500.0
2023-08-15,13500.0,11500.0
2023-08-16,13500.0,11500.0
2023-08-17,13500.0,11500.0
2023-08-18,13500.0,11500.0
2023-08-19,13500.0,11500.0
2023-08-20,13500.0,11500.0
2023-08-21,13500.0,11500.0
2023-08-22,13500.0,11500.0
2023-08-23,13500.0,11500.0
2023-08-24,13500.0,11500.0
2023-08-25,13500.0,11500.0
2023-08-26,12500.0,11500.0
2023-08-27,13500.0,11500.0
2023-08-28,13500.0,11500.0
2023-08-29,13500.0,11500.0
2023-08-30,13500.0,11500.0
2023-08-31,13500.0,11500.0
2023-09-01,13500.0,11500.0
2023-09-02,13500.0,11500.0
2023-09-03,13500.0,11500.0
2023-09-04,13500.0,11500.0
2023-09-05,13500.0,11500.0
2023-09-06,13500.0,11500.0
2023-09-07,13500.0,11500.0
2023-09-08,13500.0,11500.0
2023-09-09,13500.0,11500.0
2023-09-10,13500.0,11500.0
2023-09-11,13500.0,11500.0
2023-09-12,13500.0,11500.0
2023-09-13,13500.0,11500.0
2023-09-14,13500.0,11500.0
2023-09-15,13500.0,11500.0
2023-09-16,13500.0,11500.0
2023-09-17,13500.0,11500.0
2023-09-18,13500.0,11500.0
2023-09-19,13500.0,11500.0
2023-09-20,13500.0,11500.0
2023-09-21,14000.0,12000.0
2023-09-22,14000.0,12000.0
2023-09-23,14000.0,12000.0
2023-09-24,13500.0,11500.0
2023-09-25,15000.0,12000.0
2023-09-26,15000.0,12000.0
2023-09-27,15000.0,12000.0
2023-09-28,15000.0,12500.0
2023-09-29,15000.0,12500.0
2023-09-30,15000.0,12500.0
2023-10-01,15000.0,12500.0
2023-10-02,15000.0,12500.0
2023-10-03,15000.0,12500.0
2023-10-04,15000.0,12500.0
2023-10-05,15000.0,12500.0
2023-10-06,15000.0,12500.0
2023-10-07,15000.0,12500.0
2023-10-08,15000.0,12500.0
2023-10-09,15000.0,12500.0
2023-10-10,15000.0,12500.0
2023-10-11,15000.0,12500.0
2023-10-12,15000.0,12500.0
2023-10-13,15000.0,12500.0
2023-10-14,15000.0,12500.0
2023-10-15,15000.0,12500.0
2023-10-16,15000.0,12500.0
2023-10-17,15000.0,12500.0
2023-10-18,15000.0,12500.0
2023-10-19,15000.0,12500.0
2023-10-20,15000.0,12500.0
2023-10-21,15000.0,12500.0
2023-10-22,15000.0,12500.0
2023-10-23,15000.0,12500.0
2023-10-24,15000.0,12500.0
2023-10-25,15000.0,12500.0
2023-10-26,15000.0,12500.0
2023-10-27,15000.0,12500.0
2023-10-28,15000.0,12500.0
2023-10-29,15000.0,12500.0
2023-10-30,15000.0,12500.0
2023-10-31,15000.0,12500.0
2023-11-01,15000.0,12500.0
2023-11-02,15000.0,12500.0
2023-11-03,15000.0,12500.0
2023-11-04,15000.0,12500.0
2023-11-05,15000.0,12500.0
2023-11-06,15000.0,12500.0
2023-11-07,15000.0,12500.0
2023-11-08,15000.0,12500.0
2023-11-09,15000.0,12500.0
2023-11-10,15000.0,12500.0
2023-11-11,15000.0,12500.0
2023-11-12,15000.0,12500.0
2023-11-13,15000.0,12500.0
2023-11-14,15000.0,12500.0
2023-11-15,15000.0,12500.0
2023-11-16,15000.0,12500.0
2023-11-17,15000.0,12500.0
2023-11-18,15000.0,12500.0
2023-11-19,15000.0,12500.0
2023-11-20,15000.0,12500.0
2023-11-21,15000.0,12500.0
2023-11-22,15000.0,12500.0
2023-11-23,15000.0,12500.0
2023-11-24,15000.0,12500.0
2023-11-25,15000.0,12500.0
2023-11-26,15000.0,12500.0
2023-11-27,15000.0,12500.0
2023-11-28,15000.0,12500.0
2023-11-29,15000.0,12500.0
2023-11-30,15000.0,12500.0
2023-12-01,15000.0,12500.0
2023-12-02,15000.0,12500.0
2023-12-03,15000.0,11500.0
2023-12-04,15000.0,12500.0
2023-12-05,15000.0,12500.0
2023-12-06,15000.0,12500.0
2023-12-07,15000.0,12500.0
2023-12-08,15000.0,12500.0
2023-12-09,15000.0,12500.0
2023-12-10,15000.0,12500.0
2023-12-11,15000.0,12500.0
2023-12-12,15000.0,12500.0
2023-12-13,15000.0,12500.0
2023-12-14,15000.0,12500.0
2023-12-15,15000.0,12500.0
2023-12-16,15000.0,12600.0
2023-12-17,15000.0,12500.0
2023-12-18,15000.0,12500.0
2023-12-19,15000.0,12500.0
2023-12-20,15000.0,12500.0
2023-12-21,15000.0,12500.0
2023-12-22,15000.0,12500.0
2023-12-23,15000.0,12500.0
2023-12-24,15000.0,12500.0
2023-12-25,15000.0,12500.0
2023-12-26,15000.0,12500.0
2023-12-27,15000.0,12500.0
2023-12-28,15000.0,12500.0
2023-12-29,15000.0,12500.0
2023-12-30,15000.0,12500.0
2023-12-31,15000.0,12500.0
2024-01-01,15000.0,13000.0
2024-01-02,15000.0,13000.0
2024-01-03,15000.0,13000.0
2024-01-04,15000.0,13000.0
2024-01-05,15000.0,12750.0
2024-01-06,15000.0,13000.0
2024-01-07,15000.0,13000.0
2024-01-08,15000.0,13000.0
2024-01-09,15000.0,13000.0
2024-01-10,15000.0,13000.0
2024-01-11,15000.0,12500.0
2024-01-12,15000.0,12500.0
2024-01-13,15000.0,12750.0
2024-01-14,15000.0,12500.0
2024-01-15,15000.0,12500.0
2024-01-16,15000.0,12750.0
2024-01-17,15000.0,13000.0
2024-01-18,15000.0,13000.0
2024-01-19,14750.0,12000.0
2024-01-20,15000.0,12000.0
2024-01-21,14750.0,12000.0
2024-01-22,15000.0,12750.0
2024-01-23,15250.0,12750.0
2024-01-24,15250.0,12750.0
2024-01-25,15250.0,12500.0
2024-01-26,15000.0,12500.0
2024-01-27,15250.0,12750.0
2024-01-28,15250.0,12750.0
2024-01-29,15250.0,12750.0
2024-01-30,15500.0,12750.0
2024-01-31,15500.0,13000.0
2024-02-01,15500.0,13000.0
2024-02-02,15500.0,13000.0
2024-02-03,15250.0,12750.0
2024-02-04,15250.0,12500.0
2024-02-05,15750.0,13000.0
2024-02-06,15500.0,13000.0
2024-02-07,15500.0,13000.0
2024-02-08,15750.0,13000.0
2024-02-09,15750.0,13000.0
2024-02-10,16000.0,13500.0
2024-02-11,15750.0,13000.0
2024-02-12,15750.0,13000.0
2024-02-13,15750.0,13250.0
2024-02-14,16000.0,13000.0
2024-02-15,15750.0,13000.0
2024-02-16,15500.0,13000.0
2024-02-17,15500.0,13000.0
2024-02-18,15000.0,13000.0
2024-02-19,16000.0,14000.0
2024-02-20,15500.0,13000.0
2024-02-21,15500.0,12750.0
2024-02-22,16500.0,13500.0
2024-02-23,16500.0,13500.0
2024-02-24,16500.0,13500.0
2024-02-25,16500.0,13500.0
2024-02-26,16500.0,14000.0
2024-02-27,17000.0,14000.0
2024-02-28,16500.0,14000.0
2024-02-29,16500.0,14500.0
2024-03-01,16500.0,14500.0
2024-03-02,16500.0,14500.0
2024-03-03,17250.0,15500.0
2024-03-04,16500.0,14500.0
2024-03-05,16500.0,14500.0
2024-03-06,17000.0,15000.0
2024-03-07,17000.0,15000.0
2024-03-08,17000.0,15000.0
2024-03-09,17000.0,15000.0
2024-03-10,17000.0,15000.0
2024-03-11,18000.0,16250.0
2024-03-12,18000.0,16250.0
2024-03-13,17500.0,15750.0
2024-03-14,17500.0,15750.0
2024-03-15,17500.0,15750.0
2024-03-16,17750.0,15750.0
2024-03-17,17750.0,15500.0
2024-03-18,17500.0,15500.0
2024-03-19,17500.0,15500.0
2024-03-20,17250.0,15500.0
2024-03-21,17250.0,15500.0
2024-03-22,17250.0,15500.0
2024-03-23,17250.0,15500.0
2024-03-24,17500.0,16000.0
2024-03-25,17250.0,15500.0
2024-03-26,17250.0,15250.0
2024-03-27,17500.0,15500.0
2024-03-28,16000.0,15000.0
2024-03-29,16500.0,15000.0
2024-03-30,16500.0,15000.0
2024-03-31,16000.0,15000.0
2024-04-01,16500.0,15000.0
2024-04-02,17000.0,15250.0
2024-04-03,17000.0,15250.0
2024-04-04,17000.0,15250.0
2024-04-05,17000.0,15250.0
2024-04-06,17000.0,15000.0
2024-04-07,17000.0,15000.0
2024-04-08,16500.0,15000.0
2024-04-09,16000.0,14500.0
2024-04-10,16500.0,15000.0
2024-04-11,16500.0,15000.0
2024-04-12,16500.0,15000.0
2024-04-13,16500.0,15000.0
2024-04-14,16500.0,15000.0
2024-04-15,16500.0,15000.0
2024-04-16,16500.0,15000.0
2024-04-17,16500.0,15000.0
2024-04-18,16500.0,14750.0
2024-04-19,16250.0,14500.0
2024-04-20,16250.0,14500.0
2024-04-21,16500.0,15000.0
2024-04-22,16500.0,15000.0
2024-04-23,16500.0,15000.0
2024-04-24,16500.0,15000.0
2024-04-25,17000.0,15000.0
2024-04-26,16250.0,14500.0
2024-04-27,16000.0,14500.0
2024-04-28,16000.0,14500.0
2024-04-29,16000.0,14500.0
2024-04-30,15750.0,14250.0
2024-05-01,15750.0,14250.0
2024-05-02,15500.0,14000.0
2024-05-03,15500.0,14000.0
2024-05-04,15500.0,14000.0
2024-05-05,15500.0,14000.0
2024-05-06,15500.0,14000.0
2024-05-07,15750.0,14000.0
2024-05-08,15500.0,14000.0
2024-05-09,15750.0,14000.0
2024-05-10,15750.0,14000.0
2024-05-11,15750.0,14000.0
2024-05-12,15250.0,13750.0
2024-05-13,15250.0,13750.0
2024-05-14,15250.0,13750.0
2024-05-15,15000.0,13750.0
2024-05-16,15750.0,14250.0
2024-05-17,15750.0,14250.0
2024-05-18,15750.0,14250.0
2024-05-19,15750.0,14250.0
2024-05-20,15750.0,14250.0
2024-05-21,15750.0,14250.0
2024-05-22,15750.0,14250.0
2024-05-23,15500.0,14250.0
2024-05-24,15800.0,14250.0
2024-05-25,15900.0,14500.0
2024-05-26,15800.0,14500.0
2024-05-27,15850.0,14750.0
2024-05-28,15850.0,14750.0
2024-05-29,15750.0,14750.0
2024-05-30,15750.0,14750.0
2024-05-31,15750.0,14750.0
2024-06-01,15750.0,14500.0
2024-06-02,15750.0,14500.0
2024-06-03,15750.0,14250.0
2024-06-04,15500.0,14000.0
2024-06-05,15500.0,14000.0
2024-06-06,15500.0,14000.0
2024-06-07,15250.0,14000.0
2024-06-08,15250.0,14000.0
2024-06-09,15250.0,14000.0
2024-06-10,15250.0,14000.0
2024-06-11,15250.0,14000.0
2024-06-12,15250.0,14000.0
2024-06-13,15250.0,14000.0
2024-06-14,16000.0,15000.0
2024-06-15,15250.0,14000.0
2024-06-16,15500.0,14250.0
2024-06-17,15500.0,14125.0
2024-06-18,15500.0,14125.0
2024-06-19,15500.0,14250.0
2024-06-20,15500.0,14250.0
2024-06-21,15500.0,14000.0
2024-06-22,15500.0,14000.0
2024-06-23,15000.0,13000.0
2024-06-24,16000.0,14500.0
2024-06-25,16000.0,14500.0
2024-06-26,16000.0,14500.0
2024-06-27,16000.0,14500.0
2024-06-28,16000.0,14500.0
2024-06-29,16000.0,14500.0
2024-06-30,16000.0,14500.0
2024-07-01,16000.0,14500.0
2024-07-02,16000.0,14000.0
2024-07-03,16000.0,14500.0
2024-07-04,16000.0,14000.0
2024-07-05,15750.0,14250.0
2024-07-06,15750.0,14250.0
2024-07-07,15500.0,14250.0
2024-07-08,15500.0,14250.0
2024-07-09,15000.0,13500.0
2024-07-10,15500.0,14000.0
2024-07-11,15500.0,14000.0
2024-07-12,15500.0,14000.0
2024-07-13,15500.0,14000.0
2024-07-14,15000.0,13000.0
2024-07-15,15500.0,14000.0
2024-07-16,14500.0,13000.0
2024-07-17,15250.0,14000.0
2024-07-18,15250.0,14000.0
2024-07-19,15250.0,14000.0
2024-07-20,15250.0,14000.0
2024-07-21,15250.0,14000.0
2024-07-22,14500.0,13000.0
2024-07-23,15000.0,14000.0
2024-07-24,15000.0,14000.0
2024-07-25,15250.0,14250.0
2024-07-26,15250.0,14250.0
2024-07-27,15000.0,14250.0
2024-07-28,14000.0,13500.0
2024-07-29,15250.0,14250.0
2024-07-30,15250.0,14250.0
2024-07-31,15250.0,14250.0
2024-08-01,15250.0,14250.0
2024-08-02,15250.0,14250.0
2024-08-03,15500.0,14250.0
2024-08-04,15500.0,14250.0
2024-08-05,15500.0,14250.0
2024-08-06,15500.0,14250.0
2024-08-07,15500.0,14000.0
2024-08-08,15500.0,14000.0
2024-08-09,15500.0,14000.0
2024-08-10,15500.0,14000.0
2024-08-11,15000.0,13500.0
2024-08-12,15500.0,14250.0
2024-08-13,15500.0,14000.0
2024-08-14,15500.0,14000.0
2024-08-15,16000.0,15000.0
2024-08-16,15000.0,13000.0
2024-08-17,15250.0,14000.0
2024-08-18,15250.0,14000.0
2024-08-19,15250.0,14250.0
2024-08-20,15250.0,14250.0
2024-08-21,15250.0,14250.0
2024-08-22,15000.0,13500.0
2024-08-23,15500.0,14250.0
2024-08-24,15500.0,14250.0
2024-08-25,15500.0,14250.0
2024-08-26,15500.0,14250.0
2024-08-27,15000.0,13000.0
2024-08-28,15500.0,14000.0
2024-08-29,15500.0,14250.0
2024-08-30,15250.0,14250.0
2024-08-31,15250.0,14250.0
2024-09-01,15250.0,14000.0
2024-09-02,14500.0,13000.0
2024-09-03,15250.0,14000.0
2024-09-04,15250.0,14000.0
2024-09-05,15250.0,14000.0
2024-09-06,15000.0,14000.0
2024-09-07,14500.0,14000.0
2024-09-08,15000.0,14000.0
2024-09-09,15000.0,14000.0
2024-09-10,15250.0,14250.0
2024-09-11,15250.0,14250.0
2024-09-12,15250.0,14250.0
2024-09-13,15250.0,14250.0
2024-09-14,15250.0,14250.0
2024-09-15,15500.0,14250.0
2024-09-16,15500.0,14250.0
2024-09-17,15500.0,14250.0
2024-09-18,15500.0,14250.0
2024-09-19,15250.0,14000.0
2024-09-20,15250.0,14000.0
2024-09-21,14500.0,13000.0
2024-09-22,15250.0,14000.0
2024-09-23,15000.0,14000.0
2024-09-24,16000.0,15000.0
2024-09-25,15000.0,14000.0
2024-09-26,15000.0,14000.0
2024-09-27,15000.0,14000.0
2024-09-28,15000.0,14000.0
2024-09-29,15000.0,14250.0
2024-09-30,15000.0,14250.0
2024-10-01,15000.0,14250.0
2024-10-02,15000.0,14250.0
2024-10-03,15000.0,14250.0
2024-10-04,14750.0,13500.0
2024-10-05,14750.0,13500.0
2024-10-06,14750.0,13500.0
2024-10-07,14750.0,13500.0
2024-10-08,14750.0,13750.0
2024-10-09,15000.0,14000.0
2024-10-10,14000.0,13000.0
2024-10-11,14000.0,13000.0
2024-10-12,15500.0,14250.0
2024-10-13,15500.0,14250.0
2024-10-14,15500.0,14250.0
2024-10-15,15500.0,14250.0
2024-10-16,14500.0,13500.0
2024-10-17,15250.0,14250.0
2024-10-18,14500.0,13500.0
2024-10-19,15250.0,14250.0
2024-10-20,14500.0,13000.0
2024-10-21,15000.0,14000.0
2024-10-22,15000.0,14000.0
2024-10-23,15000.0,14000.0
2024-10-24,15000.0,14000.0
2024-10-25,15000.0,14000.0
2024-10-26,15000.0,12250.0
2024-10-27,15000.0,14000.0
2024-10-28,14000.0,13000.0
2024-10-29,15250.0,14250.0
2024-10-30,15250.0,14250.0
2024-10-31,15250.0,14250.0
2024-11-01,15250.0,14250.0
2024-11-02,15250.0,14250.0
2024-11-03,15250.0,14000.0
2024-11-04,15000.0,14000.0
2024-11-05,15000.0,14000.0
2024-11-06,15000.0,14000.0
2024-11-07,15000.0,14000.0
2024-11-08,14500.0,13000.0
2024-11-09,15250.0,14000.0
2024-11-10,14500.0,13000.0
2024-11-11,14500.0,13000.0
2024-11-12,15250.0,14000.0
2024-11-13,15500.0,14250.0
2024-11-14,15500.0,14250.0
2024-11-15,15500.0,14250.0
2024-11-16,15500.0,14250.0
2024-11-17,15000.0,14000.0
2024-11-18,15000.0,14000.0
2024-11-19,15000.0,14000.0
2024-11-20,15000.0,14000.0
2024-11-21,15000.0,14000.0
2024-11-22,14750.0,13500.0
2024-11-23,14500.0,13000.0
2024-11-24,14750.0,13500.0
2024-11-25,14750.0,13500.0
2024-11-26,15000.0,13750.0
2024-11-27,14750.0,13500.0
2024-11-28,14500.0,13500.0
2024-11-29,14500.0,13500.0
2024-11-30,14500.0,13250.0
2024-12-01,14500.0,13250.0
2024-12-02,14500.0,13250.0
2024-12-03,14500.0,13250.0
2024-12-04,14500.0,13250.0
2024-12-05,14500.0,13500.0
2024-12-06,14750.0,13500.0
2024-12-07,14750.0,13500.0
2024-12-08,14500.0,13000.0
2024-12-09,14750.0,13500.0
2024-12-10,14750.0,13500.0
2024-12-11,14750.0,13500.0
2024-12-12,14500.0,13500.0
2024-12-13,14750.0,13750.0
2024-12-14,14500.0,13500.0
2024-12-15,14750.0,13500.0
2024-12-16,14750.0,13500.0
2024-12-17,14750.0,13500.0
2024-12-18,14500.0,13000.0
2024-12-19,14500.0,13500.0
2024-12-20,14500.0,13500.0
2024-12-21,14500.0,13500.0
2024-12-22,14500.0,13500.0
2024-12-23,14750.0,13500.0
2024-12-24,14500.0,13500.0
2024-12-25,14500.0,13500.0
2024-12-26,14500.0,13500.0
2024-12-27,14500.0,13500.0
2024-12-28,14500.0,13500.0
2024-12-29,14500.0,13500.0
2024-12-30,14500.0,13500.0
2024-12-31,14500.0,13500.0
2025-01-01,15000.0,13750.0
2025-01-02,15000.0,14000.0
2025-01-03,15000.0,14000.0
2025-01-04,14750.0,13750.0
2025-01-05,14750.0,13750.0
2025-01-06,14750.0,13750.0
2025-01-07,14750.0,13750.0
2025-01-08,14750.0,13750.0
2025-01-09,14750.0,13750.0
2025-01-10,14750.0,13500.0
2025-01-11,14500.0,13500.0
2025-01-12,14500.0,13500.0
2025-01-13,15000.0,14000.0
2025-01-14,15000.0,13750.0
2025-01-15,14750.0,13500.0
2025-01-16,14750.0,13500.0
2025-01-17,14750.0,13750.0
2025-01-18,14500.0,13500.0
2025-01-19,15000.0,13500.0
2025-01-20,15000.0,13500.0
2025-01-21,15000.0,13750.0
2025-01-22,15000.0,14200.0
2025-01-23,15000.0,13750.0
2025-01-24,15000.0,14000.0
2025-01-25,15000.0,14000.0
2025-01-26,15000.0,14000.0
2025-01-27,15000.0,14000.0
2025-01-28,15000.0,13750.0
2025-01-29,15000.0,14000.0
2025-01-30,15000.0,14000.0
2025-01-31,15000.0,14000.0
2025-02-01,15000.0,14000.0
2025-02-02,15000.0,14000.0
2025-02-03,15000.0,14000.0
2025-02-04,15000.0,14000.0
2025-02-05,15000.0,14000.0
2025-02-06,14667.0,13333.0
2025-02-07,14750.0,13500.0
2025-02-08,14750.0,13500.0
2025-02-09,14750.0,13500.0
2025-02-10,15000.0,14000.0
2025-02-11,15000.0,14000.0
2025-02-12,15250.0,14000.0
2025-02-13,15250.0,14000.0
2025-02-14,15250.0,14000.0
2025-02-15,15000.0,14000.0
2025-02-16,15000.0,14000.0
2025-02-17,15250.0,14000.0
2025-02-18,15250.0,14000.0
2025-02-19,15250.0,14000.0
2025-02-20,15250.0,14000.0
2025-02-21,15500.0,14000.0
2025-02-22,15000.0,13750.0
2025-02-23,15000.0,13750.0
2025-02-24,15000.0,13750.0
2025-02-25,15000.0,13750.0
2025-02-26,15000.0,13750.0
2025-02-27,15000.0,13750.0
2025-02-28,15500.0,13500.0
2025-03-01,16000.0,13500.0
2025-03-02,15500.0,14000.0
2025-03-03,15500.0,14000.0
2025-03-04,15500.0,14000.0
2025-03-05,15500.0,14000.0
2025-03-06,15500.0,14000.0
2025-03-07,15500.0,14000.0
2025-03-08,15500.0,14000.0
2025-03-09,15500.0,14000.0
2025-03-10,15500.0,14000.0
2025-03-11,15500.0,14000.0
2025-03-12,15500.0,14000.0
2025-03-13,15000.0,13750.0
2025-03-14,15000.0,13750.0
2025-03-15,15000.0,13750.0
2025-03-16,15000.0,13750.0
2025-03-17,15000.0,13750.0
2025-03-18,15000.0,13750.0
2025-03-19,15000.0,13750.0
2025-03-20,15000.0,13750.0
2025-03-21,15000.0,13750.0
2025-03-22,15000.0,13750.0
2025-03-23,15000.0,14000.0
2025-03-24,15000.0,14000.0
2025-03-25,15500.0,14250.0
2025-03-26,15500.0,14250.0
2025-03-27,15500.0,14250.0
2025-03-28,16000.0,14250.0
2025-03-29,16000.0,14250.0
2025-03-30,16000.0,14250.0
2025-03-31,16000.0,14250.0
2025-04-01,16000.0,14250.0
2025-04-02,15000.0,14000.0
2025-04-03,15500.0,14500.0
2025-04-04,15500.0,14500.0
2025-04-05,15500.0,14500.0
2025-04-06,15500.0,14250.0
2025-04-07,16000.0,14500.0
2025-04-08,15500.0,14250.0
2025-04-09,15000.0,14000.0
2025-04-10,15000.0,14000.0
2025-04-11,15000.0,14000.0
2025-04-12,15000.0,14000.0
2025-04-13,15000.0,14000.0
2025-04-14,15000.0,14000.0
2025-04-15,15000.0,14000.0
2025-04-16,15000.0,14000.0
2025-04-17,15000.0,14000.0
2025-04-18,15000.0,13750.0
2025-04-19,15000.0,13750.0
2025-04-20,15000.0,13500.0
2025-04-21,15000.0,13750.0
2025-04-22,15000.0,13750.0
2025-04-23,15000.0,13750.0
2025-04-24,15000.0,13750.0
2025-04-25,14750.0,13500.0
2025-04-26,14750.0,13500.0
2025-04-27,14750.0,13500.0
2025-04-28,14750.0,13500.0
2025-04-29,14750.0,13500.0
2025-04-30,15000.0,13750.0
2025-05-01,15000.0,13750.0
2025-05-02,15000.0,13750.0
2025-05-03,15000.0,14000.0
2025-05-04,15000.0,14000.0
2025-05-05,15000.0,14000.0
2025-05-06,15000.0,14000.0
2025-05-07,15000.0,14000.0
2025-05-08,14500.0,13500.0
2025-05-09,14500.0,13500.0
2025-05-10,14500.0,13500.0
2025-05-11,14500.0,13500.0
2025-05-12,14500.0,13500.0
2025-05-13,14500.0,13500.0
2025-05-14,14500.0,13500.0
2025-05-15,14500.0,13500.0
2025-05-16,14500.0,13500.0
2025-05-17,14500.0,13500.0
2025-05-18,14500.0,13500.0
2025-05-19,14500.0,13500.0
2025-05-20,14500.0,13500.0
2025-05-21,14500.0,13500.0
2025-05-22,14500.0,13500.0
2025-05-23,14500.0,13500.0
2025-05-24,14500.0,13500.0
2025-05-25,14500.0,13500.0
2025-05-26,14500.0,13500.0
2025-05-27,14500.0,13500.0
2025-05-28,14500.0,13500.0
2025-05-29,14500.0,13500.0
2025-05-30,14750.0,13500.0
2025-05-31,14750.0,13500.0
2025-06-01,14500.0,13000.0
2025-06-02,14750.0,13500.0
2025-06-03,14750.0,13500.0
2025-06-04,14750.0,13500.0
2025-06-05,14750.0,13500.0
2025-06-06,14750.0,13500.0
2025-06-07,15000.0,14000.0
2025-06-08,15000.0,13750.0
2025-06-09,15000.0,14000.0
2025-06-10,15000.0,14000.0
2025-06-11,15000.0,14000.0
2025-06-12,15000.0,14000.0
2025-06-13,15000.0,14000.0
2025-06-14,15000.0,14000.0
2025-06-15,15000.0,14000.0
2025-06-16,15000.0,14000.0
2025-06-17,15000.0,14000.0
2025-06-18,15000.0,14000.0
2025-06-19,15000.0,14000.0
2025-06-20,15250.0,14000.0
